datetime,count_predicted
05-06-2012 05:00,94
19-03-2011 19:00,191
02-04-2012 06:00,159
13-07-2012 20:00,412
09-11-2011 19:00,226
10-03-2012 00:00,0
19-05-2011 13:00,215
01-05-2011 08:00,153
07-07-2012 08:00,293
07-05-2011 16:00,355
09-04-2011 11:00,135
16-06-2011 04:00,74
13-07-2012 22:00,382
02-03-2012 14:00,279
18-05-2012 15:00,430
14-12-2011 22:00,143
17-02-2012 19:00,259
15-04-2012 18:00,465
06-10-2012 23:00,248
17-07-2012 00:00,0
13-09-2012 11:00,396
13-01-2012 07:00,161
11-08-2012 08:00,185
17-09-2011 08:00,178
04-11-2011 11:00,181
01-10-2011 11:00,150
03-03-2011 12:00,125
05-12-2012 19:00,365
18-06-2012 23:00,200
19-09-2012 18:00,463
08-11-2011 19:00,249
18-02-2011 13:00,192
07-11-2011 10:00,185
10-08-2011 14:00,314
02-05-2012 00:00,0
14-01-2011 14:00,122
17-07-2011 01:00,0
14-07-2011 15:00,311
04-03-2011 03:00,30
18-12-2012 15:00,401
14-12-2012 10:00,226
14-05-2011 03:00,51
19-03-2012 23:00,221
08-01-2011 05:00,35
13-08-2011 06:00,140
04-08-2011 02:00,0
03-02-2012 05:00,127
16-12-2012 21:00,131
04-01-2011 09:00,123
06-04-2011 01:00,0
09-03-2012 11:00,219
12-10-2012 20:00,350
14-06-2011 20:00,262
06-12-2012 02:00,67
03-12-2012 02:00,89
10-07-2011 17:00,365
09-01-2012 22:00,50
10-01-2012 17:00,270
07-08-2012 04:00,129
17-01-2011 04:00,36
03-05-2011 15:00,249
08-04-2012 07:00,248
04-07-2011 05:00,133
13-01-2011 14:00,116
18-08-2012 23:00,247
11-12-2012 00:00,0
11-03-2012 09:00,158
18-03-2012 08:00,176
06-12-2011 03:00,53
05-11-2011 14:00,319
10-10-2012 11:00,368
02-11-2011 20:00,202
18-07-2011 21:00,230
09-03-2011 15:00,161
10-12-2012 17:00,338
02-01-2011 20:00,65
01-10-2012 10:00,337
17-07-2012 14:00,442
07-03-2012 15:00,327
09-02-2011 22:00,0
16-01-2011 01:00,0
19-02-2012 12:00,196
09-02-2011 02:00,0
06-09-2011 09:00,209
11-06-2011 08:00,267
08-02-2011 02:00,43
15-08-2012 14:00,408
17-05-2011 12:00,167
03-04-2012 18:00,417
14-05-2011 07:00,73
06-01-2011 08:00,111
04-05-2011 22:00,120
14-08-2011 18:00,266
01-12-2012 18:00,241
11-01-2011 17:00,84
10-02-2011 17:00,82
08-02-2011 23:00,0
13-03-2011 04:00,63
18-06-2012 15:00,350
16-04-2012 18:00,472
05-09-2011 10:00,275
17-09-2012 05:00,176
05-12-2011 19:00,224
10-01-2011 01:00,0
08-05-2012 08:00,241
08-07-2011 16:00,187
06-09-2012 07:00,230
06-11-2012 17:00,315
05-03-2012 20:00,192
01-10-2011 13:00,185
17-04-2011 14:00,305
18-08-2012 11:00,361
03-09-2012 22:00,277
13-03-2011 08:00,156
12-05-2011 08:00,172
10-10-2011 11:00,286
11-04-2012 10:00,219
15-05-2011 09:00,183
06-10-2011 17:00,294
12-06-2011 07:00,175
15-04-2011 20:00,96
05-04-2012 14:00,344
13-04-2012 14:00,362
10-05-2012 08:00,249
02-02-2011 15:00,181
09-03-2011 09:00,156
19-05-2012 20:00,446
11-07-2012 18:00,457
18-04-2012 02:00,55
19-09-2012 13:00,448
04-11-2012 20:00,245
15-12-2012 11:00,282
08-04-2012 03:00,152
11-09-2011 00:00,0
16-12-2012 11:00,223
03-03-2012 15:00,347
03-11-2011 12:00,264
15-01-2012 01:00,0
07-10-2011 01:00,0
07-11-2011 00:00,0
04-03-2011 18:00,127
14-03-2012 12:00,278
11-05-2012 04:00,139
16-12-2012 07:00,169
01-03-2011 11:00,151
12-01-2012 05:00,85
13-08-2011 21:00,154
19-11-2012 01:00,29
09-09-2012 12:00,393
06-09-2011 16:00,166
17-08-2012 14:00,451
16-08-2011 07:00,183
01-04-2011 06:00,39
03-06-2012 17:00,511
09-01-2012 17:00,113
18-10-2012 04:00,142
02-06-2012 21:00,420
02-12-2011 17:00,277
02-08-2012 14:00,440
03-12-2011 05:00,81
12-10-2012 19:00,370
02-05-2012 17:00,356
07-11-2012 14:00,291
05-04-2012 03:00,115
03-06-2012 12:00,455
01-04-2011 03:00,12
04-01-2011 05:00,72
06-04-2012 03:00,86
09-07-2012 18:00,413
17-08-2012 22:00,211
17-11-2012 14:00,410
19-03-2012 21:00,296
05-01-2012 15:00,259
17-02-2011 03:00,18
13-04-2011 04:00,16
18-11-2011 04:00,50
12-09-2011 06:00,151
13-12-2011 08:00,140
06-01-2011 21:00,10
11-11-2011 18:00,219
08-03-2012 16:00,299
05-09-2012 18:00,390
09-03-2011 09:00,151
02-06-2011 09:00,223
19-03-2012 14:00,313
10-11-2012 02:00,26
18-12-2012 21:00,317
02-05-2011 04:00,79
08-05-2011 04:00,47
17-08-2012 01:00,42
14-11-2011 23:00,208
15-11-2011 05:00,120
09-01-2012 23:00,39
10-11-2012 05:00,70
03-12-2011 14:00,277
08-03-2011 14:00,110
08-09-2012 15:00,216
13-08-2012 09:00,302
04-05-2011 06:00,47
17-03-2011 21:00,135
01-04-2012 02:00,10
15-03-2012 17:00,365
05-05-2012 10:00,340
11-10-2012 14:00,415
14-06-2012 05:00,200
01-08-2011 05:00,103
03-08-2011 03:00,16
09-06-2011 06:00,135
08-08-2011 17:00,312
16-04-2011 22:00,0
13-01-2011 05:00,41
07-04-2012 20:00,404
06-08-2012 01:00,8
08-07-2012 00:00,3
04-11-2011 12:00,192
08-04-2011 13:00,148
13-02-2011 17:00,192
01-08-2011 07:00,153
10-06-2011 01:00,0
11-03-2011 09:00,129
12-06-2012 18:00,348
15-05-2011 15:00,286
01-10-2011 12:00,203
08-01-2011 23:00,0
12-06-2012 00:00,0
07-04-2012 16:00,462
01-05-2012 08:00,211
14-09-2012 08:00,271
01-05-2011 17:00,161
04-11-2012 23:00,167
13-01-2012 09:00,181
06-01-2012 21:00,227
15-07-2011 21:00,247
13-05-2011 03:00,43
11-12-2012 23:00,234
09-06-2012 16:00,574
16-02-2012 22:00,132
10-12-2011 16:00,244
10-07-2012 16:00,437
02-10-2011 03:00,0
04-08-2011 03:00,0
11-07-2011 15:00,273
12-04-2012 20:00,325
05-01-2012 03:00,51
10-02-2011 20:00,33
13-06-2012 13:00,391
03-12-2011 06:00,109
19-11-2011 07:00,116
07-03-2011 06:00,107
17-04-2012 08:00,294
13-10-2012 17:00,418
11-05-2012 04:00,144
12-02-2011 07:00,43
09-04-2012 05:00,164
10-12-2011 09:00,164
06-12-2011 21:00,139
18-12-2012 00:00,5
05-06-2011 05:00,173
17-09-2011 11:00,242
12-12-2012 05:00,161
10-12-2011 20:00,157
13-04-2012 10:00,293
19-10-2011 02:00,8
19-02-2011 00:00,0
07-03-2012 04:00,112
14-10-2011 16:00,304
17-01-2012 21:00,231
13-08-2012 02:00,80
19-02-2011 06:00,96
03-08-2011 06:00,97
15-04-2012 08:00,235
08-02-2011 03:00,32
16-01-2011 10:00,101
12-12-2012 21:00,252
02-08-2012 09:00,299
17-12-2012 05:00,171
01-09-2011 02:00,49
19-04-2012 00:00,0
19-02-2011 18:00,145
05-04-2011 16:00,208
08-06-2011 18:00,354
18-10-2011 18:00,274
19-02-2012 23:00,0
09-01-2011 10:00,63
16-02-2011 01:00,0
13-12-2012 00:00,0
01-06-2012 16:00,384
18-03-2011 07:00,138
16-12-2012 04:00,107
05-05-2012 00:00,0
16-08-2012 19:00,455
06-08-2011 16:00,226
02-04-2012 06:00,158
13-01-2012 19:00,192
08-05-2011 19:00,216
08-08-2011 15:00,307
04-11-2011 04:00,81
01-08-2012 22:00,327
16-02-2012 06:00,152
16-01-2012 04:00,32
01-07-2012 03:00,48
18-06-2011 23:00,252
13-10-2011 06:00,78
02-01-2011 00:00,0
05-08-2011 00:00,0
03-10-2012 15:00,445
18-09-2012 09:00,290
09-10-2012 19:00,345
04-10-2012 09:00,310
10-08-2011 16:00,335
07-05-2012 05:00,128
04-02-2012 05:00,49
08-04-2012 04:00,139
02-07-2012 13:00,413
06-12-2011 16:00,146
03-10-2011 20:00,117
01-03-2012 22:00,218
10-05-2012 10:00,324
02-09-2011 20:00,240
01-09-2011 11:00,285
05-02-2012 06:00,103
07-06-2011 21:00,255
05-11-2011 22:00,78
07-04-2011 14:00,259
17-05-2012 02:00,72
07-02-2012 14:00,285
09-02-2012 00:00,0
12-02-2011 09:00,85
02-06-2011 23:00,253
09-11-2011 14:00,285
12-09-2012 10:00,349
12-03-2012 06:00,161
10-05-2012 03:00,82
19-01-2012 00:00,0
10-06-2012 22:00,347
04-11-2011 20:00,200
04-01-2012 13:00,147
02-09-2011 05:00,125
19-02-2011 16:00,185
03-05-2012 18:00,413
15-12-2012 23:00,209
01-05-2012 10:00,298
05-06-2012 20:00,368
01-01-2011 12:00,157
14-06-2012 02:00,92
01-07-2012 23:00,360
11-06-2012 22:00,372
16-05-2012 18:00,433
13-03-2011 00:00,0
12-06-2012 00:00,0
09-03-2012 14:00,296
07-10-2011 00:00,0
05-10-2011 21:00,215
11-02-2011 05:00,67
13-10-2012 00:00,18
07-11-2012 18:00,275
02-01-2012 19:00,137
03-12-2012 07:00,198
05-08-2012 17:00,482
14-03-2012 20:00,337
06-12-2011 01:00,0
05-11-2011 16:00,288
09-07-2012 11:00,318
03-03-2011 18:00,112
08-05-2011 14:00,319
04-09-2011 13:00,308
05-06-2012 17:00,401
07-11-2011 18:00,253
02-03-2012 00:00,0
02-10-2011 20:00,105
13-03-2012 07:00,199
12-06-2011 18:00,277
13-04-2012 17:00,402
14-07-2011 02:00,26
11-12-2011 11:00,233
04-04-2011 12:00,249
16-03-2012 07:00,196
16-05-2012 17:00,431
05-04-2012 11:00,275
11-11-2012 00:00,0
02-09-2011 03:00,66
02-05-2012 13:00,313
08-06-2012 16:00,484
11-11-2012 02:00,5
15-02-2012 12:00,262
14-04-2012 04:00,62
13-09-2011 23:00,180
01-03-2011 12:00,157
17-05-2011 03:00,0
19-09-2011 10:00,238
15-05-2011 02:00,0
02-11-2012 14:00,331
06-03-2012 20:00,219
08-08-2012 14:00,407
06-03-2012 17:00,270
11-01-2011 09:00,79
01-11-2011 08:00,168
19-11-2012 03:00,102
14-03-2012 06:00,178
02-02-2012 20:00,230
03-11-2011 00:00,0
09-03-2011 04:00,83
09-04-2011 03:00,0
14-08-2012 06:00,143
15-11-2012 00:00,0
13-12-2012 01:00,19
03-09-2012 02:00,43
01-11-2011 02:00,11
01-04-2011 05:00,22
01-01-2012 21:00,174
16-05-2012 15:00,401
15-07-2011 05:00,117
02-12-2011 05:00,98
02-02-2012 12:00,252
11-08-2011 04:00,108
11-10-2012 19:00,363
06-06-2011 02:00,14
13-11-2011 01:00,4
08-06-2011 12:00,289
03-07-2012 11:00,377
17-01-2011 15:00,113
16-04-2011 10:00,88
15-04-2011 09:00,195
07-05-2011 09:00,252
10-12-2012 02:00,72
09-09-2011 22:00,138
01-06-2012 09:00,268
18-05-2012 11:00,351
05-12-2011 18:00,241
09-04-2011 19:00,80
05-08-2011 12:00,286
14-08-2012 13:00,404
15-06-2011 22:00,246
08-07-2011 04:00,67
15-10-2012 05:00,195
14-01-2012 06:00,56
08-02-2012 23:00,56
13-07-2012 15:00,413
17-10-2012 07:00,206
02-07-2012 03:00,112
17-11-2012 08:00,179
18-11-2011 08:00,136
14-10-2012 02:00,63
14-01-2011 07:00,103
15-12-2012 10:00,260
18-12-2011 01:00,0
16-02-2011 05:00,54
04-08-2011 08:00,165
19-07-2011 19:00,238
08-11-2012 00:00,0
13-10-2012 18:00,389
04-05-2012 00:00,0
16-06-2011 17:00,242
11-10-2011 17:00,253
12-10-2012 03:00,104
19-11-2011 17:00,283
07-02-2011 05:00,100
05-05-2012 15:00,329
19-05-2012 07:00,189
11-04-2012 06:00,138
09-03-2012 17:00,313
09-11-2012 21:00,230
05-06-2011 17:00,353
15-03-2012 18:00,359
07-07-2012 04:00,123
03-05-2012 08:00,148
11-09-2012 22:00,323
03-01-2011 16:00,101
12-03-2012 02:00,45
14-05-2011 23:00,0
11-05-2011 13:00,269
08-10-2011 13:00,367
13-09-2011 19:00,277
11-05-2011 18:00,287
12-11-2011 11:00,239
17-02-2012 07:00,171
12-08-2012 10:00,361
19-09-2011 00:00,0
16-12-2011 23:00,92
09-08-2012 18:00,445
17-08-2011 19:00,298
02-11-2011 04:00,79
01-11-2011 07:00,148
13-08-2011 06:00,141
02-12-2012 13:00,296
01-10-2011 00:00,0
09-09-2012 23:00,311
02-04-2011 20:00,106
19-06-2011 07:00,190
16-07-2011 15:00,335
15-10-2012 03:00,128
16-08-2011 17:00,320
18-11-2011 22:00,110
15-08-2012 19:00,393
05-01-2012 09:00,176
06-06-2011 09:00,218
07-07-2011 15:00,296
16-07-2011 07:00,149
04-11-2012 00:00,0
02-08-2012 06:00,178
01-01-2012 08:00,79
09-11-2012 05:00,164
04-09-2011 01:00,0
17-01-2012 02:00,2
18-11-2012 02:00,4
03-05-2011 12:00,220
02-03-2012 18:00,171
11-09-2012 03:00,154
06-06-2011 19:00,293
06-08-2012 06:00,201
04-04-2012 11:00,334
19-03-2011 00:00,0
01-04-2012 03:00,19
19-04-2011 01:00,0
16-02-2011 15:00,155
16-07-2012 22:00,345
14-02-2012 04:00,93
13-12-2012 03:00,85
19-09-2011 22:00,193
05-12-2011 07:00,147
04-02-2012 18:00,106
09-02-2011 23:00,0
06-06-2011 06:00,126
12-04-2012 22:00,281
17-07-2011 19:00,289
13-03-2012 16:00,359
16-06-2012 18:00,501
16-04-2011 13:00,110
16-11-2012 21:00,296
14-12-2012 03:00,77
09-06-2012 13:00,540
06-06-2011 15:00,309
02-04-2012 21:00,313
14-01-2011 20:00,53
15-01-2012 03:00,0
03-09-2012 08:00,268
04-08-2011 09:00,213
10-07-2012 00:00,0
12-08-2011 10:00,259
02-02-2011 15:00,184
08-04-2012 06:00,181
02-05-2011 23:00,128
15-06-2012 01:00,34
15-09-2011 03:00,81
08-12-2012 02:00,41
06-11-2011 14:00,288
11-10-2012 23:00,281
12-06-2012 17:00,325
01-03-2011 20:00,116
11-02-2012 09:00,66
03-12-2011 15:00,286
11-10-2012 09:00,296
01-03-2011 10:00,144
06-10-2011 11:00,256
16-04-2012 10:00,273
11-06-2012 15:00,461
05-03-2012 11:00,209
08-07-2012 05:00,171
13-05-2011 00:00,0
13-08-2011 01:00,25
09-06-2011 07:00,159
07-11-2011 20:00,195
19-03-2011 09:00,170
14-11-2011 13:00,272
11-12-2011 08:00,94
18-11-2012 20:00,224
13-02-2012 11:00,196
18-04-2012 18:00,232
08-08-2011 06:00,145
03-07-2011 10:00,224
18-08-2012 06:00,159
13-03-2012 02:00,6
07-08-2012 18:00,394
07-02-2011 22:00,46
05-06-2012 22:00,325
12-06-2011 11:00,335
13-01-2012 11:00,192
08-07-2012 22:00,238
17-09-2011 23:00,29
05-02-2012 04:00,40
01-05-2011 19:00,118
06-10-2012 14:00,451
04-09-2012 16:00,423
07-11-2012 01:00,14
16-04-2011 14:00,165
17-07-2012 17:00,445
16-10-2012 21:00,333
09-05-2011 15:00,285
05-09-2011 09:00,225
06-10-2012 12:00,475
14-05-2012 07:00,116
07-08-2012 12:00,363
08-06-2012 23:00,351
07-09-2011 21:00,139
09-06-2012 13:00,550
15-06-2012 23:00,353
18-08-2012 19:00,430
15-12-2012 08:00,181
04-01-2012 14:00,148
01-04-2012 07:00,139
05-12-2011 08:00,160
12-01-2011 08:00,109
04-02-2012 19:00,35
12-03-2011 02:00,0
02-09-2011 05:00,126
06-12-2011 22:00,60
08-08-2011 21:00,259
09-02-2011 20:00,2
05-09-2012 03:00,129
15-11-2012 22:00,218
09-05-2012 04:00,58
01-03-2011 06:00,94
08-02-2011 10:00,104
09-02-2011 00:00,0
07-05-2011 10:00,274
01-11-2012 08:00,250
19-03-2011 09:00,168
06-02-2011 15:00,166
16-02-2011 07:00,74
06-10-2011 09:00,205
14-08-2012 21:00,389
16-02-2011 12:00,144
07-05-2011 06:00,108
05-08-2012 15:00,548
18-07-2012 12:00,393
15-04-2012 23:00,373
09-08-2011 17:00,299
09-06-2012 15:00,592
11-04-2012 18:00,276
09-09-2012 03:00,109
10-09-2012 12:00,434
15-09-2012 00:00,0
15-11-2011 01:00,0
18-02-2011 11:00,191
04-07-2011 02:00,9
02-07-2011 02:00,49
16-06-2011 01:00,0
02-11-2011 02:00,23
03-12-2012 05:00,143
12-12-2011 00:00,0
04-08-2012 04:00,122
02-07-2012 02:00,64
06-05-2012 23:00,149
03-05-2012 10:00,257
05-03-2012 06:00,127
17-01-2011 20:00,0
19-05-2011 15:00,242
01-05-2011 13:00,239
05-03-2011 00:00,0
18-01-2012 18:00,192
09-03-2011 20:00,98
07-02-2012 18:00,275
15-08-2012 01:00,32
17-06-2012 13:00,408
09-04-2012 16:00,398
15-09-2012 05:00,244
10-05-2011 14:00,243
13-06-2012 08:00,261
17-01-2012 15:00,276
07-06-2011 13:00,258
16-04-2011 04:00,34
11-09-2012 15:00,476
02-04-2012 20:00,324
09-07-2011 17:00,357
19-07-2011 09:00,163
13-06-2012 02:00,63
04-10-2011 08:00,177
09-05-2011 13:00,273
14-11-2012 13:00,343
04-09-2011 03:00,26
19-08-2012 08:00,257
10-03-2012 12:00,243
07-10-2011 06:00,141
19-12-2011 10:00,171
14-06-2011 21:00,252
12-01-2012 12:00,234
06-04-2011 22:00,174
19-05-2012 00:00,37
03-07-2012 03:00,106
14-03-2011 19:00,141
13-07-2012 13:00,389
14-03-2011 14:00,135
15-02-2012 09:00,215
02-11-2012 13:00,364
08-02-2012 22:00,84
01-05-2011 18:00,140
19-12-2011 20:00,230
14-03-2011 09:00,139
18-12-2011 03:00,26
18-05-2012 00:00,0
01-07-2011 16:00,306
06-03-2012 06:00,132
17-12-2012 22:00,224
17-03-2012 21:00,232
10-10-2011 19:00,280
15-09-2012 04:00,189
08-02-2012 03:00,68
06-01-2012 15:00,299
19-04-2012 08:00,196
12-07-2012 04:00,137
19-04-2012 00:00,0
02-04-2012 16:00,368
16-02-2012 17:00,161
19-08-2012 15:00,335
02-05-2012 23:00,210
07-03-2012 14:00,308
17-02-2011 18:00,142
01-05-2011 16:00,208
11-02-2012 05:00,18
13-07-2012 06:00,207
09-02-2011 14:00,116
19-08-2012 02:00,90
14-08-2012 07:00,219
15-01-2011 00:00,0
02-07-2011 00:00,0
04-04-2011 02:00,12
18-01-2012 08:00,183
15-11-2012 23:00,206
13-07-2012 23:00,366
17-07-2012 08:00,250
08-10-2012 21:00,236
19-05-2012 02:00,105
11-01-2012 22:00,76
18-03-2011 10:00,173
19-09-2011 08:00,199
02-05-2012 20:00,282
10-07-2011 00:00,0
06-04-2012 11:00,302
13-10-2012 16:00,468
01-06-2011 19:00,257
02-11-2011 00:00,0
17-12-2011 15:00,215
04-07-2011 21:00,240
03-11-2012 01:00,64
06-12-2012 09:00,250
13-10-2012 10:00,333
18-02-2011 21:00,134
08-04-2012 21:00,359
16-10-2012 00:00,6
13-10-2011 09:00,135
04-10-2012 11:00,383
09-12-2012 10:00,236
18-08-2012 13:00,450
13-02-2011 04:00,31
03-08-2011 12:00,234
08-02-2012 09:00,187
08-08-2012 17:00,425
15-10-2011 06:00,149
04-06-2011 07:00,206
07-06-2011 05:00,109
04-07-2011 10:00,259
06-01-2012 00:00,0
19-11-2011 03:00,41
08-04-2011 09:00,138
07-10-2012 06:00,257
07-05-2012 02:00,61
03-06-2012 20:00,460
02-02-2011 21:00,46
17-05-2012 22:00,339
14-03-2012 22:00,265
02-09-2011 11:00,240
17-10-2011 08:00,140
17-09-2011 18:00,208
06-12-2012 11:00,286
17-04-2012 20:00,421
05-06-2012 04:00,69
06-01-2011 16:00,123
15-09-2012 02:00,49
12-01-2012 01:00,0
14-11-2011 12:00,260
13-09-2012 21:00,371
12-02-2012 02:00,0
17-09-2012 15:00,388
10-05-2011 08:00,152
11-10-2011 07:00,165
01-12-2012 08:00,129
16-07-2012 06:00,182
16-01-2012 14:00,177
12-11-2012 11:00,323
17-12-2011 14:00,213
16-06-2011 10:00,215
02-09-2011 23:00,183
05-08-2012 11:00,409
15-02-2012 06:00,154
05-07-2012 22:00,377
02-06-2011 11:00,266
16-12-2011 21:00,145
04-10-2011 13:00,265
09-02-2011 13:00,122
02-01-2011 12:00,138
19-03-2011 01:00,0
06-11-2012 16:00,338
04-05-2012 10:00,295
05-09-2011 17:00,240
10-06-2011 12:00,289
12-11-2012 23:00,288
05-03-2012 19:00,201
04-05-2011 03:00,0
09-08-2011 12:00,259
07-06-2011 06:00,143
08-05-2012 03:00,103
19-10-2012 20:00,342
09-11-2011 09:00,175
19-03-2012 03:00,92
01-11-2012 06:00,205
08-07-2011 14:00,241
07-08-2012 13:00,388
05-12-2012 13:00,399
09-02-2012 21:00,180
02-05-2011 15:00,277
05-08-2012 04:00,141
18-12-2012 15:00,410
15-04-2011 14:00,246
19-02-2012 14:00,229
18-07-2012 09:00,282
11-07-2012 20:00,405
19-11-2012 02:00,65
01-01-2012 02:00,0
09-04-2011 04:00,0
01-03-2012 15:00,344
16-05-2012 05:00,133
06-12-2011 14:00,152
14-02-2011 05:00,60
11-05-2011 07:00,159
13-12-2011 22:00,139
10-02-2011 23:00,0
01-09-2012 12:00,427
18-12-2011 14:00,220
19-12-2011 11:00,182
14-06-2012 03:00,126
03-07-2011 06:00,75
03-02-2011 09:00,108
19-06-2011 22:00,178
10-12-2012 17:00,346
09-08-2012 14:00,465
13-08-2012 13:00,417
12-03-2011 19:00,160
19-09-2011 18:00,251
12-09-2012 11:00,397
14-10-2012 22:00,308
10-03-2012 20:00,213
17-02-2011 20:00,155
08-07-2012 16:00,393
11-07-2012 01:00,0
15-05-2012 14:00,346
09-07-2012 19:00,395
17-11-2011 09:00,146
13-03-2012 03:00,41
19-10-2012 02:00,96
07-02-2011 09:00,154
15-07-2012 17:00,430
04-07-2011 21:00,245
18-08-2012 10:00,352
15-03-2011 23:00,23
08-11-2011 08:00,154
01-01-2011 18:00,89
19-01-2012 02:00,6
14-07-2011 22:00,221
02-08-2012 18:00,432
06-06-2011 11:00,255
02-05-2011 04:00,79
01-02-2011 10:00,156
02-07-2011 01:00,6
08-12-2011 19:00,172
17-09-2011 22:00,124
11-05-2011 17:00,290
07-12-2011 04:00,25
16-12-2011 01:00,0
10-06-2011 02:00,20
04-12-2011 14:00,264
19-04-2012 04:00,106
11-10-2012 17:00,428
15-04-2011 22:00,21
10-06-2012 00:00,22
01-08-2011 20:00,268
03-02-2012 20:00,218
11-07-2011 12:00,243
16-08-2011 20:00,276
02-04-2011 04:00,12
09-01-2012 13:00,201
18-04-2012 15:00,214
13-03-2011 07:00,126
11-10-2011 05:00,124
04-08-2011 18:00,269
03-10-2011 22:00,127
17-02-2012 04:00,110
06-11-2011 17:00,251
12-08-2011 22:00,250
10-09-2011 20:00,226
02-12-2012 01:00,3
09-08-2012 12:00,399
10-10-2012 07:00,234
18-11-2011 03:00,16
11-12-2012 14:00,339
07-02-2012 17:00,286
09-08-2012 04:00,124
11-07-2011 00:00,0
07-08-2012 11:00,327
02-01-2012 18:00,166
18-01-2012 03:00,35
08-09-2011 10:00,202
14-07-2012 20:00,226
12-01-2012 10:00,218
05-09-2011 19:00,148
07-11-2011 09:00,161
06-12-2011 01:00,0
06-06-2012 22:00,239
12-03-2011 14:00,189
17-08-2012 00:00,15
01-07-2012 01:00,17
09-01-2012 22:00,45
01-02-2011 23:00,0
14-03-2012 13:00,325
11-05-2012 18:00,457
11-11-2012 07:00,107
15-11-2011 07:00,160
04-07-2011 15:00,312
12-09-2012 19:00,439
09-12-2011 05:00,91
18-10-2011 09:00,204
02-07-2011 23:00,224
04-01-2011 21:00,47
05-09-2011 18:00,198
03-07-2011 23:00,75
13-04-2011 05:00,40
15-01-2011 12:00,120
13-09-2011 07:00,179
19-10-2012 04:00,173
18-11-2012 11:00,295
07-01-2011 08:00,102
17-07-2012 19:00,472
12-12-2012 12:00,313
15-11-2012 19:00,286
19-12-2011 16:00,253
12-12-2011 20:00,181
05-06-2011 13:00,294
02-09-2012 15:00,331
12-06-2011 12:00,367
02-09-2012 07:00,120
17-08-2011 06:00,139
19-08-2011 04:00,75
03-01-2012 19:00,114
07-09-2011 08:00,129
16-09-2011 21:00,208
01-01-2012 04:00,34
06-09-2012 01:00,20
15-02-2011 12:00,113
03-11-2012 16:00,337
14-02-2012 19:00,218
19-04-2011 06:00,113
01-12-2012 13:00,267
03-04-2012 03:00,77
17-06-2012 19:00,408
12-01-2011 14:00,119
14-12-2012 01:00,17
10-08-2011 00:00,0
16-11-2012 08:00,227
10-01-2012 22:00,129
01-04-2011 17:00,182
14-06-2012 20:00,382
06-01-2012 17:00,287
18-05-2011 22:00,132
02-03-2012 19:00,157
12-12-2011 15:00,201
11-05-2012 06:00,200
07-07-2012 05:00,158
06-03-2011 01:00,0
01-02-2011 15:00,148
06-04-2012 10:00,265
05-09-2012 16:00,411
07-12-2011 22:00,0
01-11-2011 00:00,0
16-11-2012 08:00,234
14-11-2011 07:00,160
14-09-2011 10:00,244
09-11-2011 07:00,142
02-12-2011 22:00,139
06-02-2011 07:00,87
10-09-2012 01:00,89
05-09-2011 00:00,0
07-07-2011 08:00,155
01-12-2011 05:00,94
08-02-2012 07:00,159
01-09-2012 05:00,135
09-11-2012 22:00,239
19-04-2011 14:00,220
09-04-2011 15:00,111
08-01-2012 13:00,270
13-10-2011 21:00,240
18-10-2011 07:00,164
17-03-2011 05:00,109
01-12-2011 09:00,177
09-02-2011 13:00,128
01-11-2011 13:00,263
19-02-2012 06:00,107
04-04-2011 20:00,211
09-07-2011 08:00,184
06-07-2012 01:00,39
08-09-2012 09:00,296
18-01-2012 14:00,234
10-01-2012 02:00,45
15-06-2011 10:00,246
07-09-2012 06:00,190
10-09-2011 10:00,263
17-12-2011 20:00,48
15-11-2011 20:00,199
08-03-2012 11:00,264
04-09-2011 06:00,121
16-10-2012 15:00,420
01-07-2011 01:00,0
03-11-2012 12:00,316
15-04-2012 17:00,473
09-10-2012 11:00,320
04-03-2012 18:00,227
01-12-2012 03:00,59
06-10-2011 17:00,292
19-03-2012 04:00,116
19-11-2011 12:00,297
14-08-2012 18:00,418
02-02-2012 23:00,154
13-06-2012 20:00,460
19-11-2012 16:00,360
16-10-2011 12:00,341
09-03-2012 08:00,164
01-07-2011 18:00,327
07-08-2012 05:00,168
14-06-2011 17:00,251
16-02-2011 12:00,142
17-09-2012 17:00,388
19-08-2011 19:00,208
16-10-2012 19:00,380
03-12-2012 04:00,119
08-09-2011 20:00,184
02-04-2012 20:00,306
18-10-2012 22:00,306
18-05-2011 16:00,261
13-06-2011 20:00,280
10-10-2011 05:00,118
06-12-2011 00:00,0
15-10-2011 03:00,91
12-08-2012 22:00,331
05-11-2012 09:00,232
04-08-2011 11:00,228
16-05-2012 10:00,311
14-04-2012 11:00,342
13-07-2012 23:00,363
04-10-2012 10:00,343
07-10-2012 18:00,200
16-03-2011 13:00,189
17-08-2011 18:00,305
18-06-2011 04:00,73
01-06-2012 20:00,202
05-08-2011 06:00,146
16-10-2011 02:00,63
03-09-2012 17:00,363
18-10-2011 16:00,297
13-07-2011 13:00,242
11-01-2012 05:00,112
06-12-2011 04:00,27
10-02-2011 16:00,99
19-07-2011 04:00,59
04-02-2011 08:00,128
14-04-2012 01:00,33
16-03-2011 11:00,181
06-08-2011 19:00,185
05-12-2012 09:00,301
03-05-2011 00:00,0
13-12-2012 21:00,267
03-04-2011 20:00,214
19-12-2012 17:00,375
13-07-2011 04:00,70
10-01-2011 09:00,59
19-05-2012 04:00,144
09-11-2011 06:00,124
12-10-2012 16:00,397
05-03-2011 04:00,61
05-03-2011 02:00,9
09-02-2011 11:00,80
05-03-2012 09:00,187
03-02-2012 00:00,0
08-08-2011 23:00,209
14-04-2012 15:00,481
07-01-2012 17:00,319
06-03-2011 06:00,90
04-08-2012 21:00,424
07-07-2011 16:00,303
10-07-2012 10:00,318
13-04-2011 12:00,150
04-03-2011 14:00,175
15-10-2012 19:00,259
10-07-2011 02:00,15
08-03-2011 13:00,112
10-04-2012 11:00,302
06-09-2011 17:00,223
09-01-2011 09:00,36
15-08-2011 14:00,279
01-03-2011 08:00,119
11-01-2011 19:00,25
18-09-2011 00:00,0
08-11-2011 12:00,266
03-10-2011 09:00,173
06-12-2011 13:00,150
18-02-2011 04:00,58
13-10-2011 14:00,289
17-09-2012 02:00,89
15-04-2012 11:00,401
02-03-2011 08:00,139
15-10-2011 10:00,280
04-08-2012 05:00,132
06-09-2011 15:00,178
12-03-2012 09:00,228
11-06-2012 14:00,427
19-10-2011 00:00,0
08-11-2012 19:00,377
01-07-2011 05:00,124
17-11-2012 10:00,312
16-05-2011 02:00,10
10-08-2012 12:00,364
19-06-2012 18:00,454
05-09-2011 03:00,112
14-12-2011 04:00,79
02-08-2012 08:00,260
05-03-2012 10:00,197
04-01-2012 18:00,146
17-07-2012 11:00,325
05-08-2011 10:00,238
12-12-2011 16:00,198
16-01-2012 06:00,66
03-02-2012 23:00,92
03-05-2011 02:00,2
04-06-2011 21:00,298
19-10-2011 18:00,154
16-08-2012 10:00,356
01-01-2011 14:00,173
14-12-2011 03:00,55
17-01-2012 18:00,271
19-11-2012 20:00,289
19-10-2011 16:00,180
16-04-2012 00:00,10
06-06-2012 12:00,377
11-11-2011 13:00,237
11-03-2011 05:00,108
10-04-2011 07:00,60
08-08-2012 21:00,365
05-03-2011 18:00,173
05-11-2011 06:00,107
16-07-2011 20:00,282
13-12-2012 00:00,0
04-01-2012 09:00,113
18-08-2011 11:00,261
15-11-2012 22:00,224
13-11-2012 14:00,353
09-12-2011 21:00,132
06-04-2012 03:00,91
10-08-2012 16:00,443
17-09-2011 04:00,105
16-11-2011 21:00,93
12-06-2011 19:00,264
01-12-2011 07:00,124
16-07-2011 09:00,244
04-09-2011 23:00,190
19-08-2011 12:00,243
15-10-2012 23:00,292
05-07-2012 17:00,466
15-08-2011 09:00,209
14-01-2011 22:00,0
15-12-2012 16:00,373
01-04-2011 04:00,30
14-08-2012 02:00,64
11-04-2012 01:00,14
11-06-2012 08:00,263
14-03-2011 07:00,115
17-06-2012 22:00,324
16-09-2011 02:00,93
08-08-2011 19:00,303
19-05-2012 21:00,373
18-05-2012 12:00,388
06-08-2012 22:00,332
19-09-2012 17:00,472
18-04-2012 07:00,216
18-02-2012 00:00,0
14-02-2011 19:00,118
17-08-2012 15:00,472
11-03-2011 16:00,133
17-05-2011 22:00,122
13-04-2011 06:00,61
17-10-2011 10:00,222
09-07-2012 10:00,268
10-10-2012 20:00,401
05-08-2012 22:00,230
18-06-2011 22:00,265
09-06-2012 11:00,449
09-03-2011 12:00,166
12-04-2012 19:00,351
10-10-2011 20:00,258
19-03-2011 13:00,226
11-09-2011 15:00,349
13-06-2012 15:00,469
08-03-2012 20:00,305
12-01-2011 23:00,0
13-12-2011 03:00,35
05-08-2011 10:00,244
08-05-2011 23:00,0
08-12-2011 04:00,10
13-07-2012 17:00,431
09-10-2011 07:00,146
17-10-2012 00:00,0
05-07-2012 11:00,391
07-09-2011 11:00,167
10-02-2011 01:00,0
04-05-2012 16:00,440
19-09-2011 23:00,162
16-12-2011 10:00,202
14-06-2011 07:00,171
06-11-2011 09:00,157
18-01-2012 17:00,207
09-12-2012 19:00,124
15-11-2011 18:00,224
01-10-2011 12:00,192
10-06-2011 20:00,284
01-08-2011 09:00,198
08-07-2012 06:00,198
08-10-2012 18:00,313
14-06-2011 23:00,169
01-06-2011 00:00,0
02-08-2012 20:00,370
08-08-2011 09:00,220
07-06-2012 12:00,386
08-09-2012 22:00,224
16-12-2011 15:00,192
09-10-2011 08:00,164
19-08-2012 11:00,247
13-04-2011 17:00,222
11-03-2012 13:00,296
18-09-2012 02:00,4
05-11-2012 11:00,305
17-05-2011 15:00,269
11-06-2011 10:00,310
18-06-2012 17:00,343
13-06-2012 07:00,229
04-05-2011 18:00,199
14-07-2012 22:00,222
07-08-2012 09:00,281
03-12-2012 20:00,320
17-07-2011 09:00,231
05-01-2012 10:00,179
01-09-2011 01:00,11
03-08-2011 02:00,0
02-05-2012 07:00,204
07-02-2011 13:00,153
10-02-2012 05:00,119
06-07-2012 02:00,69
17-04-2012 17:00,437
06-10-2011 06:00,134
01-07-2012 14:00,508
04-09-2012 23:00,343
15-02-2012 15:00,286
07-09-2012 00:00,0
13-07-2011 10:00,221
10-06-2011 21:00,278
19-01-2012 19:00,165
08-05-2011 16:00,332
19-12-2011 18:00,226
13-08-2011 19:00,202
10-05-2011 22:00,179
14-08-2012 16:00,458
04-09-2012 06:00,195
01-08-2011 21:00,237
03-12-2012 00:00,6
18-10-2011 14:00,257
19-09-2012 21:00,346
10-01-2012 13:00,263
17-12-2012 23:00,117
19-01-2012 22:00,103
15-04-2011 21:00,75
14-11-2012 18:00,311
19-08-2012 06:00,214
19-05-2012 16:00,511
05-03-2012 05:00,113
18-01-2011 13:00,138
01-02-2012 06:00,132
03-12-2012 16:00,453
16-06-2012 11:00,432
12-02-2012 15:00,117
06-09-2012 06:00,202
03-08-2012 05:00,167
06-07-2012 15:00,461
07-11-2011 08:00,143
04-06-2012 14:00,424
18-11-2012 08:00,188
02-10-2012 18:00,276
15-07-2011 20:00,277
07-09-2012 17:00,457
01-11-2011 21:00,146
03-09-2012 13:00,409
12-03-2012 01:00,4
17-10-2012 13:00,380
15-07-2011 00:00,0
09-04-2012 22:00,262
10-06-2011 07:00,178
15-02-2012 20:00,228
15-10-2012 20:00,331
08-08-2011 16:00,313
03-09-2012 01:00,53
01-12-2012 15:00,348
08-08-2011 07:00,173
06-10-2012 07:00,237
17-02-2011 04:00,53
07-11-2012 06:00,161
09-06-2011 06:00,128
07-12-2012 17:00,327
18-08-2011 00:00,0
18-09-2011 02:00,24
19-04-2011 15:00,221
03-10-2012 06:00,227
07-01-2011 14:00,81
11-08-2011 14:00,305
10-09-2012 10:00,377
04-02-2011 19:00,82
10-12-2012 21:00,264
02-07-2011 03:00,83
18-05-2012 21:00,381
02-07-2011 16:00,398
16-06-2012 07:00,228
05-02-2011 19:00,0
02-11-2012 08:00,246
19-07-2012 15:00,414
11-07-2012 13:00,383
09-01-2012 22:00,51
02-02-2012 00:00,0
11-04-2012 09:00,200
19-04-2012 03:00,73
06-04-2012 20:00,354
07-03-2011 04:00,59
06-03-2011 06:00,90
15-02-2012 21:00,199
07-06-2012 07:00,204
02-08-2011 16:00,326
14-04-2012 06:00,84
14-10-2011 15:00,300
03-02-2011 08:00,94
17-12-2011 02:00,28
09-03-2012 10:00,193
06-08-2012 13:00,411
07-05-2012 06:00,152
03-02-2011 14:00,122
01-01-2012 10:00,128
09-06-2011 22:00,240
12-08-2012 11:00,414
17-03-2011 01:00,0
15-03-2011 10:00,149
07-07-2012 10:00,427
06-10-2011 08:00,184
14-03-2011 10:00,142
15-03-2012 23:00,209
12-07-2011 09:00,203
08-12-2011 18:00,193
05-10-2012 05:00,196
15-05-2012 23:00,137
03-06-2011 14:00,309
15-01-2012 16:00,176
02-02-2012 04:00,75
14-08-2011 17:00,289
05-05-2012 12:00,407
12-02-2012 16:00,154
03-07-2011 04:00,101
06-06-2011 16:00,309
19-11-2011 06:00,92
13-02-2012 05:00,78
08-10-2012 10:00,287
05-11-2012 05:00,139
18-06-2011 20:00,311
08-01-2011 18:00,19
17-04-2012 11:00,376
14-07-2011 00:00,0
04-11-2012 08:00,223
04-11-2012 18:00,339
03-01-2012 07:00,129
02-11-2012 19:00,328
08-03-2012 04:00,131
02-05-2012 16:00,376
13-05-2012 04:00,159
14-09-2012 01:00,62
03-02-2011 19:00,83
11-08-2012 09:00,236
09-01-2011 07:00,16
12-01-2011 05:00,94
17-05-2012 14:00,416
17-08-2011 07:00,178
19-01-2012 16:00,218
16-11-2012 00:00,0
01-12-2012 09:00,126
10-05-2012 09:00,292
15-05-2012 21:00,270
04-11-2012 11:00,341
14-10-2011 03:00,61
09-07-2012 05:00,155
02-06-2011 17:00,326
06-07-2011 14:00,269
15-10-2012 04:00,166
12-08-2011 11:00,269
17-04-2011 16:00,320
08-01-2012 18:00,198
17-01-2012 23:00,187
10-11-2011 12:00,197
17-06-2012 15:00,444
04-05-2011 07:00,65
12-02-2012 23:00,0
05-05-2012 12:00,398
19-04-2011 22:00,127
17-05-2011 07:00,136
05-02-2012 15:00,196
18-04-2011 10:00,180
15-10-2011 23:00,229
13-11-2012 05:00,146
01-11-2012 10:00,240
08-09-2011 15:00,202
11-02-2012 14:00,136
04-11-2012 16:00,392
04-08-2011 13:00,269
05-11-2012 14:00,353
02-11-2012 15:00,342
03-04-2011 06:00,71
11-07-2012 10:00,306
05-09-2012 06:00,229
16-09-2011 14:00,295
10-11-2012 09:00,246
10-05-2012 05:00,168
19-03-2012 15:00,336
06-08-2011 16:00,227
16-04-2011 19:00,107
14-11-2012 11:00,300
08-04-2011 03:00,9
04-05-2012 15:00,390
09-10-2012 14:00,375
02-05-2012 01:00,8
07-07-2011 18:00,306
07-05-2011 21:00,233
14-02-2011 14:00,125
12-02-2012 22:00,2
09-03-2011 10:00,153
12-07-2011 08:00,178
01-04-2011 19:00,157
10-11-2011 01:00,0
14-07-2012 13:00,364
14-09-2011 08:00,200
11-07-2011 14:00,265
19-04-2012 20:00,357
10-06-2011 14:00,311
15-07-2011 04:00,90
08-06-2011 16:00,347
11-01-2011 00:00,0
09-09-2012 07:00,205
18-05-2012 13:00,406
16-12-2012 22:00,186
02-10-2012 00:00,17
01-10-2011 19:00,137
12-06-2012 20:00,333
12-02-2011 20:00,64
09-03-2012 06:00,149
15-05-2011 04:00,52
12-02-2012 14:00,138
16-09-2011 01:00,56
01-03-2012 19:00,306
16-07-2011 07:00,154
03-11-2011 04:00,83
12-05-2011 08:00,178
17-01-2011 21:00,0
16-10-2012 14:00,414
07-05-2012 12:00,308
12-12-2012 19:00,275
11-08-2012 16:00,478
18-01-2012 05:00,113
11-12-2011 16:00,273
15-05-2011 08:00,145
05-04-2012 02:00,87
05-08-2011 07:00,167
17-04-2011 09:00,208
07-12-2011 19:00,47
07-11-2012 18:00,282
15-07-2012 20:00,266
05-09-2012 02:00,72
11-12-2012 08:00,236
09-07-2011 21:00,244
07-12-2011 11:00,146
01-11-2012 16:00,345
17-03-2011 00:00,0
11-08-2012 04:00,84
02-01-2012 23:00,31
08-07-2012 01:00,54
16-03-2012 11:00,260
19-12-2012 18:00,361
19-08-2012 20:00,273
17-03-2011 10:00,169
04-03-2012 19:00,201
08-08-2011 03:00,27
04-12-2011 16:00,265
18-02-2012 11:00,203
09-08-2012 10:00,355
14-07-2011 06:00,158
17-01-2012 09:00,157
15-05-2012 16:00,389
15-12-2011 12:00,186
06-11-2011 23:00,0
06-02-2012 22:00,143
07-07-2012 09:00,326
19-11-2011 20:00,180
16-12-2011 10:00,204
16-10-2012 05:00,186
10-02-2012 13:00,221
06-06-2012 08:00,240
17-05-2012 01:00,25
19-12-2012 03:00,91
03-12-2011 10:00,205
10-01-2011 21:00,6
11-09-2011 04:00,73
19-06-2012 20:00,457
02-02-2011 22:00,31
11-05-2011 14:00,281
18-06-2011 15:00,394
05-06-2011 10:00,245
08-02-2012 18:00,118
15-07-2012 12:00,405
04-11-2012 19:00,326
02-08-2011 06:00,144
02-11-2012 03:00,100
14-05-2011 14:00,181
15-08-2011 18:00,275
06-08-2011 17:00,221
13-05-2012 16:00,484
15-01-2011 15:00,136
16-06-2011 05:00,129
17-10-2012 22:00,252
17-11-2011 08:00,113
17-07-2011 16:00,338
12-10-2011 15:00,170
13-08-2011 14:00,269
09-06-2012 04:00,202
09-08-2011 21:00,295
10-02-2011 04:00,19
10-04-2012 14:00,375
03-06-2011 07:00,176
12-11-2012 17:00,385
06-10-2012 10:00,374
16-11-2011 15:00,173
04-06-2011 04:00,125
13-06-2012 17:00,482
08-05-2011 12:00,320
05-06-2011 06:00,198
06-12-2012 08:00,221
01-02-2011 02:00,4
13-09-2012 02:00,83
01-10-2012 23:00,229
06-10-2011 14:00,290
14-06-2012 01:00,66
02-01-2012 05:00,100
18-04-2012 16:00,259
08-09-2012 17:00,232
03-04-2012 12:00,326
01-10-2011 02:00,44
13-04-2012 15:00,392
09-03-2011 13:00,157
10-05-2011 09:00,171
04-04-2012 06:00,164
15-02-2012 07:00,166
09-01-2012 04:00,83
03-03-2011 19:00,90
02-06-2011 22:00,276
10-01-2012 06:00,131
16-09-2012 21:00,338
17-01-2012 00:00,0
18-10-2011 06:00,144
19-10-2012 09:00,283
16-02-2011 16:00,161
07-04-2011 22:00,76
19-07-2012 18:00,458
10-03-2011 22:00,0
07-10-2011 13:00,292
06-11-2012 03:00,79
02-11-2011 19:00,204
15-03-2011 01:00,0
10-02-2012 01:00,0
02-03-2012 05:00,138
01-06-2011 02:00,16
07-05-2012 10:00,263
14-01-2011 05:00,49
04-04-2012 00:00,0
13-10-2011 22:00,223
12-07-2011 20:00,288
11-02-2012 22:00,0
15-05-2012 19:00,364
11-12-2011 17:00,247
19-06-2012 12:00,357
08-10-2012 20:00,210
01-03-2011 23:00,15
19-07-2012 14:00,409
14-07-2012 17:00,254
04-06-2011 19:00,352
15-06-2012 00:00,0
13-06-2012 11:00,348
08-04-2012 16:00,513
14-05-2012 10:00,188
19-07-2011 05:00,79
11-11-2012 19:00,366
19-06-2012 07:00,226
02-05-2012 14:00,351
15-07-2012 10:00,294
09-07-2012 08:00,229
01-07-2011 14:00,301
12-03-2012 16:00,341
19-02-2011 04:00,47
12-12-2011 21:00,100
16-08-2012 15:00,477
18-12-2011 06:00,96
12-12-2011 17:00,187
01-02-2011 18:00,108
08-02-2011 01:00,9
18-07-2012 16:00,387
08-06-2012 11:00,388
10-06-2012 22:00,360
02-07-2012 20:00,421
04-05-2012 22:00,258
09-08-2011 08:00,177
13-12-2012 12:00,349
02-06-2011 10:00,245
04-11-2012 20:00,244
03-12-2012 07:00,200
03-12-2012 03:00,102
13-05-2012 05:00,154
11-04-2012 02:00,48
11-04-2012 05:00,119
03-06-2012 14:00,495
05-12-2011 14:00,254
02-08-2012 12:00,403
04-10-2011 07:00,149
13-04-2012 03:00,80
08-06-2012 13:00,434
11-04-2011 20:00,257
19-11-2012 18:00,324
14-07-2012 22:00,221
19-02-2011 21:00,66
12-12-2011 12:00,207
06-07-2011 00:00,0
07-02-2012 16:00,289
03-07-2011 12:00,281
06-07-2011 10:00,153
13-09-2011 04:00,95
10-05-2012 00:00,0
12-01-2012 00:00,0
18-04-2011 22:00,178
15-05-2011 10:00,194
09-06-2011 04:00,74
07-01-2011 10:00,101
17-09-2012 19:00,345
12-03-2011 16:00,200
13-02-2012 22:00,131
12-06-2011 02:00,13
16-07-2012 23:00,288
11-11-2012 13:00,445
13-04-2011 20:00,168
07-03-2012 17:00,334
07-07-2011 07:00,131
05-03-2011 17:00,181
19-04-2012 19:00,371
12-06-2011 22:00,140
10-11-2011 11:00,194
04-06-2012 00:00,0
06-12-2011 18:00,185
12-08-2011 21:00,285
09-03-2012 22:00,208
04-05-2012 08:00,206
10-01-2011 03:00,0
04-09-2011 17:00,299
06-10-2012 03:00,144
17-04-2012 09:00,332
08-04-2012 10:00,366
08-10-2011 18:00,365
08-03-2011 07:00,120
19-09-2012 05:00,219
07-03-2011 16:00,134
04-02-2012 11:00,164
13-05-2011 08:00,157
14-09-2011 21:00,240
07-10-2012 10:00,295
17-11-2012 03:00,69
04-09-2011 07:00,162
07-06-2012 08:00,222
08-08-2011 02:00,0
03-07-2012 15:00,407
04-08-2011 21:00,212
03-04-2011 17:00,258
01-10-2012 09:00,303
05-08-2011 17:00,321
14-08-2012 05:00,157
05-12-2012 12:00,380
03-05-2012 05:00,141
18-02-2012 09:00,97
05-09-2012 14:00,421
07-12-2012 20:00,225
17-11-2011 08:00,121
07-02-2011 01:00,0
17-03-2011 19:00,173
12-09-2011 22:00,186
13-06-2011 16:00,308
19-02-2011 14:00,190
15-05-2011 12:00,255
15-04-2012 15:00,481
01-12-2012 22:00,91
04-08-2011 12:00,242
19-10-2012 15:00,430
13-06-2011 13:00,275
16-11-2011 20:00,106
14-12-2012 21:00,219
10-07-2012 17:00,432
03-01-2011 15:00,106
15-06-2012 04:00,131
09-02-2011 10:00,100
01-03-2011 22:00,48
11-02-2011 06:00,92
03-01-2012 04:00,69
01-03-2011 01:00,0
03-10-2011 04:00,76
02-09-2011 15:00,287
01-04-2012 06:00,108
14-05-2012 17:00,223
03-02-2012 13:00,254
05-10-2012 00:00,16
07-02-2012 13:00,279
13-05-2012 18:00,455
16-08-2012 14:00,435
09-02-2012 23:00,121
13-01-2011 06:00,69
10-10-2011 09:00,229
12-03-2012 19:00,293
15-04-2011 15:00,245
06-03-2011 03:00,40
15-01-2011 03:00,18
06-02-2011 03:00,25
04-05-2012 04:00,123
06-02-2012 20:00,214
10-03-2012 16:00,284
07-09-2011 05:00,112
14-12-2012 05:00,131
05-06-2011 22:00,168
03-01-2011 14:00,107
16-07-2011 01:00,0
12-03-2011 09:00,132
08-05-2011 07:00,138
09-11-2012 08:00,247
09-02-2012 02:00,45
02-10-2011 16:00,120
18-12-2011 09:00,134
04-08-2012 20:00,455
03-08-2012 23:00,296
19-03-2012 08:00,215
16-02-2012 14:00,192
06-08-2011 10:00,239
07-01-2011 13:00,69
14-11-2012 19:00,291
05-08-2011 05:00,117
16-10-2012 16:00,427
07-09-2012 11:00,368
06-11-2011 07:00,76
19-02-2011 23:00,0
04-04-2011 09:00,149
10-11-2011 04:00,81
16-10-2012 21:00,312
09-05-2011 22:00,161
02-02-2012 01:00,0
09-05-2011 14:00,280
11-09-2011 11:00,255
04-01-2012 23:00,56
18-06-2011 07:00,180
18-03-2011 09:00,169
12-09-2012 12:00,433
16-07-2012 04:00,117
05-05-2012 13:00,409
14-11-2011 16:00,294
11-06-2011 08:00,256
14-12-2011 02:00,23
10-07-2011 20:00,274
12-10-2012 09:00,329
01-04-2011 07:00,55
17-05-2011 14:00,253
03-01-2012 20:00,86
15-06-2011 09:00,222
19-02-2012 00:00,0
10-06-2012 09:00,335
17-05-2012 21:00,369
14-03-2012 09:00,245
12-05-2012 17:00,467
13-08-2011 08:00,215
10-04-2011 01:00,0
05-05-2011 01:00,0
15-09-2011 04:00,110
12-05-2012 01:00,66
07-12-2012 12:00,290
10-11-2012 14:00,473
14-01-2012 14:00,180
07-07-2011 13:00,257
18-01-2012 06:00,128
19-08-2011 18:00,309
14-04-2012 20:00,354
08-10-2011 02:00,42
01-07-2011 22:00,249
11-12-2012 03:00,52
08-02-2012 16:00,161
12-10-2012 04:00,135
13-10-2011 07:00,95
12-12-2011 13:00,191
18-05-2011 17:00,261
19-06-2012 15:00,430
08-01-2012 16:00,272
07-09-2011 00:00,0
09-02-2011 07:00,73
12-10-2012 18:00,390
09-01-2011 22:00,0
11-11-2011 02:00,32
12-06-2011 08:00,218
09-08-2012 07:00,221
11-06-2012 23:00,351
10-11-2012 06:00,48
10-02-2012 22:00,141
04-11-2012 10:00,300
04-08-2012 13:00,488
07-01-2011 22:00,0
08-10-2012 06:00,156
14-12-2011 08:00,149
14-06-2012 14:00,420
15-06-2012 14:00,439
01-08-2011 00:00,0
16-07-2011 03:00,43
02-07-2012 23:00,358
13-04-2012 00:00,0
12-05-2012 19:00,460
09-05-2011 05:00,103
06-01-2011 19:00,88
03-10-2012 05:00,202
17-07-2012 18:00,468
12-01-2011 15:00,109
01-04-2012 01:00,0
02-06-2011 06:00,150
10-12-2012 03:00,105
16-08-2011 00:00,0
19-12-2012 01:00,40
16-01-2012 18:00,147
01-09-2012 13:00,447
11-04-2012 12:00,252
12-07-2011 09:00,203
08-02-2011 14:00,115
19-12-2011 07:00,116
10-03-2011 16:00,125
06-12-2011 02:00,20
12-08-2011 05:00,148
15-09-2011 17:00,201
04-01-2011 16:00,139
07-11-2011 11:00,223
05-07-2011 00:00,0
04-03-2011 05:00,77
01-09-2012 11:00,416
05-05-2011 17:00,281
10-06-2012 10:00,432
12-05-2011 06:00,118
03-03-2012 20:00,290
05-10-2012 15:00,488
15-08-2011 19:00,254
11-06-2012 03:00,101
17-06-2012 13:00,391
01-02-2011 15:00,146
01-12-2012 01:00,0
06-03-2012 12:00,230
04-08-2011 23:00,190
11-03-2012 17:00,363
10-10-2012 09:00,323
10-07-2011 19:00,305
06-03-2012 18:00,255
14-04-2012 05:00,100
02-11-2012 17:00,372
07-04-2012 19:00,456
06-04-2012 23:00,280
10-07-2012 08:00,245
10-03-2011 10:00,81
05-08-2012 19:00,252
19-09-2012 20:00,398
03-10-2012 04:00,164
03-11-2011 10:00,191
10-02-2011 11:00,102
01-06-2012 22:00,183
15-02-2011 01:00,0
19-04-2012 15:00,384
18-05-2012 07:00,186
18-06-2012 06:00,103
14-06-2011 18:00,291
08-09-2012 18:00,217
03-06-2012 00:00,24
02-06-2012 23:00,290
15-09-2012 22:00,308
19-01-2012 09:00,143
14-01-2011 16:00,116
19-10-2012 21:00,312
18-05-2012 10:00,342
10-09-2011 02:00,0
19-11-2012 15:00,373
18-01-2012 01:00,9
13-12-2012 10:00,301
12-02-2012 16:00,163
04-09-2012 00:00,0
09-04-2011 21:00,0
04-03-2011 13:00,174
06-08-2012 10:00,317
10-09-2012 11:00,413
08-07-2012 21:00,298
18-06-2011 23:00,239
18-02-2012 10:00,121
09-11-2011 11:00,239
14-02-2011 08:00,87
15-02-2012 10:00,231
06-06-2012 15:00,411
12-09-2012 23:00,292
13-05-2012 15:00,478
19-07-2011 18:00,260
14-06-2012 18:00,460
18-09-2011 19:00,217
15-07-2011 08:00,198
17-06-2011 04:00,76
01-01-2011 02:00,0
15-03-2012 21:00,278
19-09-2011 01:00,12
07-10-2012 00:00,33
02-05-2011 11:00,228
01-05-2012 21:00,344
10-11-2012 12:00,396
03-04-2011 13:00,271
10-02-2011 14:00,109
19-03-2012 05:00,142
15-01-2011 04:00,30
17-04-2012 17:00,435
07-01-2011 07:00,115
07-11-2012 23:00,128
18-06-2011 10:00,296
10-06-2012 20:00,470
09-09-2012 15:00,519
11-10-2011 17:00,247
15-04-2012 12:00,421
11-12-2011 15:00,277
19-09-2011 12:00,262
06-02-2012 05:00,104
15-04-2012 02:00,108
18-06-2012 11:00,267
02-07-2012 06:00,213
09-04-2011 07:00,54
03-09-2012 23:00,273
14-09-2011 02:00,32
01-12-2011 19:00,220
12-05-2011 00:00,0
07-11-2012 02:00,47
10-10-2012 23:00,296
15-10-2011 07:00,156
10-07-2011 00:00,0
12-04-2011 08:00,102
04-05-2011 03:00,0
18-10-2011 05:00,119
04-11-2012 22:00,198
18-08-2011 10:00,237
03-08-2011 13:00,255
12-05-2011 21:00,174
02-09-2011 06:00,159
13-08-2012 21:00,367
15-07-2012 10:00,298
03-04-2011 17:00,258
14-05-2012 14:00,339
19-12-2012 11:00,338
09-04-2011 12:00,132
07-10-2012 21:00,133
02-07-2011 13:00,349
16-12-2012 03:00,72
08-02-2012 05:00,123
13-01-2011 10:00,67
18-04-2012 05:00,161
05-02-2012 12:00,171
11-02-2011 23:00,0
06-12-2011 11:00,145
08-10-2012 03:00,71
02-03-2012 22:00,148
15-03-2011 04:00,82
13-04-2012 01:00,18
09-09-2011 08:00,134
03-12-2011 01:00,0
09-04-2012 17:00,390
08-12-2012 22:00,134
13-12-2012 13:00,365
16-12-2012 19:00,132
16-02-2011 14:00,152
10-11-2011 10:00,194
16-01-2012 19:00,122
09-09-2012 05:00,143
19-01-2012 20:00,170
12-10-2011 19:00,147
19-08-2011 15:00,304
18-01-2011 13:00,138
06-07-2011 23:00,152
18-05-2011 09:00,142
01-06-2012 21:00,262
19-03-2012 01:00,24
12-03-2011 20:00,127
18-07-2011 12:00,240
10-11-2011 01:00,0
12-09-2012 07:00,241
01-05-2012 16:00,436
11-12-2011 17:00,253
11-03-2011 20:00,116
13-10-2011 10:00,147
05-07-2012 19:00,443
05-05-2011 14:00,269
18-06-2012 10:00,185
02-03-2011 18:00,143
13-05-2011 10:00,190
02-11-2011 08:00,162
18-11-2012 04:00,90
17-02-2011 13:00,175
19-01-2012 22:00,100
16-05-2012 13:00,391
15-11-2011 10:00,210
11-05-2012 01:00,37
02-01-2012 20:00,116
09-11-2012 09:00,272
19-03-2012 19:00,326
03-12-2011 08:00,118
03-10-2011 12:00,203
11-11-2012 18:00,443
07-11-2011 04:00,78
08-01-2011 14:00,85
14-01-2012 21:00,48
14-11-2011 20:00,277
08-02-2012 19:00,102
18-02-2012 01:00,6
06-08-2011 19:00,178
04-12-2011 11:00,165
11-04-2011 17:00,286
08-11-2012 09:00,279
15-12-2012 17:00,370
15-06-2011 21:00,272
09-03-2012 04:00,86
03-05-2012 09:00,219
14-04-2011 13:00,257
01-10-2012 19:00,368
04-08-2011 15:00,303
14-02-2012 09:00,183
16-11-2012 22:00,258
01-04-2011 21:00,113
03-12-2012 12:00,368
15-05-2012 20:00,276
17-09-2012 23:00,147
18-06-2011 17:00,366
09-09-2012 19:00,485
14-11-2011 06:00,118
16-08-2012 09:00,324
04-08-2011 19:00,260
06-09-2011 20:00,148
12-04-2012 15:00,366
07-01-2012 11:00,200
10-03-2011 12:00,105
15-12-2012 01:00,2
07-12-2011 12:00,149
10-04-2011 20:00,90
14-02-2011 06:00,70
08-03-2011 20:00,116
13-09-2011 14:00,321
07-02-2012 21:00,196
14-05-2012 04:00,129
09-05-2011 00:00,0
10-01-2011 06:00,50
15-05-2012 10:00,286
16-04-2012 14:00,405
15-01-2012 14:00,168
07-12-2012 03:00,81
09-05-2012 18:00,245
05-03-2011 23:00,29
17-09-2011 15:00,235
16-03-2011 21:00,99
15-11-2011 20:00,197
10-06-2011 23:00,221
13-01-2012 16:00,223
11-06-2011 02:00,53
19-10-2012 12:00,393
08-10-2012 12:00,330
06-11-2011 12:00,279
07-12-2011 21:00,10
08-10-2012 00:00,0
16-08-2011 19:00,304
17-11-2012 15:00,400
13-02-2012 18:00,238
10-12-2011 23:00,31
16-01-2012 23:00,0
10-11-2012 00:00,0
08-10-2012 11:00,317
16-08-2011 15:00,315
09-08-2011 19:00,299
10-05-2012 18:00,417
16-02-2012 15:00,200
04-12-2012 22:00,335
12-05-2011 04:00,66
07-07-2012 05:00,151
18-03-2012 11:00,223
01-07-2012 16:00,532
18-06-2012 03:00,93
10-07-2012 23:00,211
02-02-2011 19:00,99
07-12-2011 18:00,113
14-03-2011 06:00,110
18-09-2011 15:00,282
17-03-2012 06:00,136
06-10-2012 08:00,266
10-11-2011 10:00,195
08-06-2011 01:00,0
14-07-2011 08:00,214
01-08-2011 10:00,231
18-12-2012 00:00,6
09-02-2012 14:00,254
03-04-2011 19:00,190
03-06-2011 01:00,0
15-09-2011 22:00,199
01-01-2011 10:00,142
13-03-2011 21:00,47
05-03-2012 13:00,214
14-11-2011 02:00,6
02-09-2011 07:00,179
13-08-2011 18:00,232
14-10-2011 07:00,108
14-02-2012 02:00,0
05-05-2011 08:00,176
06-08-2012 05:00,171
06-09-2012 00:00,0
17-01-2011 10:00,100
07-04-2012 17:00,463
18-10-2012 18:00,385
05-11-2011 14:00,313
09-03-2012 07:00,164
04-08-2012 12:00,480
15-10-2012 08:00,282
07-09-2011 09:00,163
12-01-2011 13:00,121
13-10-2011 16:00,298
06-10-2012 16:00,497
09-09-2011 03:00,53
15-09-2012 03:00,124
07-04-2012 07:00,210
02-04-2012 04:00,121
01-06-2012 11:00,337
11-12-2012 22:00,246
04-11-2012 03:00,85
19-04-2012 22:00,287
14-08-2011 19:00,227
12-11-2011 03:00,25
15-09-2011 14:00,276
01-07-2012 13:00,495
11-11-2011 22:00,145
12-11-2012 08:00,222
06-12-2012 19:00,261
15-07-2012 18:00,277
05-05-2012 08:00,198
04-06-2012 15:00,431
13-01-2012 04:00,58
05-12-2012 13:00,406
11-06-2011 01:00,16
12-04-2012 03:00,76
10-09-2012 21:00,389
18-05-2011 07:00,151
02-03-2012 21:00,120
16-01-2012 15:00,179
12-08-2011 13:00,304
14-05-2012 13:00,331
16-11-2011 20:00,99
16-01-2012 04:00,32
17-02-2012 05:00,133
08-01-2012 17:00,243
14-08-2011 03:00,25
19-04-2012 09:00,228
17-07-2012 02:00,52
11-11-2011 19:00,201
17-09-2011 17:00,217
05-12-2011 03:00,57
01-02-2012 11:00,256
05-07-2011 09:00,199
06-11-2012 01:00,18
12-09-2012 16:00,479
14-03-2012 07:00,200
12-07-2011 19:00,296
15-05-2011 05:00,44
16-06-2012 17:00,496
03-04-2011 01:00,0
11-09-2011 14:00,322
06-05-2012 18:00,379
02-10-2011 14:00,157
01-06-2011 17:00,340
18-08-2012 04:00,137
12-01-2012 22:00,194
02-09-2011 02:00,13
06-04-2012 00:00,0
04-05-2011 08:00,76
14-03-2011 07:00,109
19-10-2011 08:00,103
15-04-2011 19:00,110
08-03-2012 13:00,279
07-08-2012 02:00,51
04-04-2011 03:00,43
02-12-2012 21:00,256
08-05-2012 03:00,102
02-06-2012 02:00,43
13-07-2011 08:00,179
11-09-2012 08:00,283
07-09-2012 00:00,0
13-11-2011 17:00,363
02-03-2011 03:00,45
03-02-2011 13:00,119
13-03-2012 23:00,258
03-05-2011 16:00,297
13-10-2011 04:00,91
06-09-2011 05:00,88
13-06-2012 09:00,288
07-03-2011 21:00,76
01-08-2011 07:00,145
10-05-2012 21:00,336
17-02-2011 06:00,116
15-08-2011 21:00,241
15-02-2011 00:00,0
02-01-2012 22:00,67
16-12-2012 01:00,9
04-05-2012 07:00,183
09-02-2012 04:00,82
10-09-2011 04:00,38
17-09-2011 12:00,251
19-11-2012 11:00,289
16-05-2011 16:00,190
03-05-2012 23:00,232
03-03-2011 22:00,33
17-03-2011 20:00,151
13-08-2011 20:00,172
04-02-2012 14:00,198
11-09-2011 13:00,308
02-06-2011 18:00,329
09-12-2011 17:00,223
03-01-2011 22:00,0
06-03-2011 10:00,131
12-07-2011 21:00,273
13-08-2011 22:00,134
17-06-2011 00:00,0
15-10-2011 20:00,280
10-05-2011 13:00,235
05-02-2012 23:00,0
16-06-2011 11:00,230
19-06-2011 01:00,40
15-04-2012 01:00,78
04-02-2011 15:00,122
10-01-2012 04:00,94
04-12-2012 03:00,115
01-09-2011 19:00,306
09-11-2011 22:00,133
10-10-2012 00:00,9
12-10-2012 22:00,314
02-07-2011 21:00,279
08-06-2011 23:00,234
09-03-2011 16:00,150
11-02-2012 01:00,0
05-02-2011 17:00,12
03-01-2011 00:00,0
11-08-2011 13:00,311
13-12-2011 14:00,255
19-12-2011 19:00,184
01-03-2011 03:00,44
16-08-2012 06:00,211
14-10-2012 02:00,64
04-05-2011 09:00,89
09-09-2012 21:00,401
09-05-2012 16:00,392
06-08-2011 00:00,0
08-09-2011 06:00,93
17-09-2011 04:00,109
02-02-2011 20:00,59
08-12-2011 13:00,212
12-04-2012 11:00,300
06-01-2012 03:00,63
13-11-2011 18:00,355
12-04-2012 16:00,371
13-05-2011 23:00,46
02-01-2011 04:00,64
11-01-2012 21:00,98
02-10-2012 01:00,57
03-08-2012 19:00,409
15-09-2012 18:00,485
12-05-2011 20:00,251
19-04-2011 11:00,202
11-03-2012 07:00,98
07-11-2012 22:00,186
11-05-2011 21:00,199
17-03-2011 18:00,163
11-02-2011 20:00,77
09-02-2011 16:00,69
07-10-2012 20:00,190
09-01-2011 13:00,90
13-04-2011 15:00,191
13-06-2011 12:00,270
07-06-2012 20:00,448
05-01-2012 21:00,145
05-09-2012 10:00,327
15-05-2012 15:00,379
17-08-2011 01:00,0
03-08-2012 03:00,114
19-05-2012 19:00,470
02-01-2011 02:00,0
16-01-2012 22:00,108
01-09-2012 10:00,393
16-06-2011 18:00,241
10-10-2012 13:00,400
13-01-2011 18:00,79
10-02-2011 08:00,87
10-05-2011 02:00,17
12-07-2011 07:00,153
15-04-2012 20:00,400
02-07-2011 22:00,248
04-07-2012 11:00,376
09-08-2011 02:00,0
09-10-2012 13:00,352
17-11-2012 20:00,236
06-09-2012 05:00,180
13-06-2011 04:00,87
05-09-2012 01:00,31
08-07-2011 13:00,232
04-10-2012 19:00,453
02-10-2011 06:00,90
18-06-2011 06:00,142
19-11-2011 23:00,113
09-04-2012 02:00,63
07-01-2012 04:00,81
01-05-2012 06:00,130
19-03-2011 12:00,214
06-04-2011 04:00,49
07-11-2012 12:00,284
19-06-2012 08:00,250
10-03-2011 05:00,0
12-03-2012 21:00,265
16-04-2012 03:00,86
17-12-2012 06:00,180
16-12-2011 18:00,177
16-10-2011 14:00,367
12-09-2012 22:00,323
15-03-2012 17:00,370
07-04-2011 07:00,113
11-11-2011 08:00,168
09-08-2011 10:00,202
09-07-2012 20:00,369
03-06-2011 09:00,222
12-01-2011 18:00,69
14-01-2011 00:00,0
14-08-2011 14:00,265
08-05-2012 11:00,324
09-11-2011 11:00,240
03-12-2012 21:00,285
10-08-2012 06:00,138
01-08-2012 01:00,16
09-06-2012 13:00,544
14-09-2011 22:00,222
04-07-2012 13:00,420
01-11-2012 12:00,272
01-10-2012 17:00,339
14-02-2012 20:00,215
13-01-2012 16:00,224
05-08-2011 16:00,317
16-05-2012 06:00,157
05-04-2012 20:00,311
10-10-2011 01:00,14
07-03-2011 17:00,134
02-09-2012 12:00,317
08-07-2011 04:00,67
15-06-2012 09:00,301
12-01-2011 07:00,107
14-08-2012 23:00,336
13-12-2012 17:00,345
14-12-2011 09:00,172
11-03-2012 21:00,208
06-12-2011 09:00,186
19-10-2012 23:00,226
18-09-2011 09:00,217
08-04-2012 22:00,322
04-01-2012 21:00,103
15-09-2011 11:00,249
15-05-2012 13:00,285
18-12-2012 22:00,281
19-06-2012 23:00,320
05-07-2011 12:00,252
07-08-2012 09:00,282
19-11-2012 22:00,238
16-09-2012 16:00,448
14-12-2011 16:00,226
01-04-2011 22:00,75
02-03-2012 02:00,52
16-04-2011 23:00,33
07-09-2012 21:00,354
09-07-2012 23:00,299
10-12-2011 00:00,0
10-01-2011 03:00,0
13-10-2011 19:00,252
05-01-2012 14:00,249
02-08-2011 01:00,0
16-03-2011 12:00,184
04-06-2011 23:00,228
15-11-2012 08:00,221
18-10-2011 01:00,0
03-10-2012 03:00,136
14-12-2012 06:00,123
14-09-2011 19:00,257
08-07-2012 09:00,344
02-03-2011 19:00,129
19-08-2012 14:00,278
16-03-2011 08:00,169
06-12-2011 07:00,155
05-01-2011 20:00,63
11-11-2011 21:00,145
14-11-2012 12:00,322
03-12-2012 11:00,328
19-03-2012 18:00,339
19-10-2011 15:00,168
15-09-2012 06:00,297
05-04-2011 12:00,146
05-10-2011 22:00,206
14-03-2011 22:00,77
17-05-2012 17:00,439
16-03-2012 20:00,218
07-06-2012 11:00,377
07-09-2011 22:00,101
08-01-2011 22:00,0
17-04-2011 03:00,50
18-05-2012 05:00,146
17-12-2011 03:00,52
01-10-2012 07:00,236
02-12-2012 15:00,352
19-12-2011 09:00,150
07-01-2012 00:00,0
16-12-2012 14:00,287
06-10-2012 22:00,269
13-02-2011 13:00,183
08-11-2011 06:00,123
19-06-2011 17:00,350
01-10-2012 07:00,232
07-08-2011 20:00,166
10-11-2011 23:00,96
03-07-2011 18:00,303
19-05-2012 16:00,509
17-11-2012 12:00,379
07-09-2012 22:00,348
16-04-2012 01:00,44
17-12-2012 10:00,267
03-08-2012 13:00,408
04-02-2012 12:00,190
16-01-2012 04:00,35
10-08-2011 03:00,58
05-12-2011 00:00,0
01-02-2012 19:00,306
08-02-2011 16:00,94
06-10-2012 00:00,21
17-12-2011 23:00,0
05-08-2012 14:00,518
17-06-2012 07:00,195
05-07-2011 17:00,287
08-06-2011 08:00,204
10-11-2011 05:00,99
13-06-2012 14:00,416
04-08-2012 15:00,520
05-09-2012 17:00,418
03-06-2011 11:00,269
12-09-2011 00:00,0
10-08-2012 17:00,455
03-07-2011 20:00,122
19-04-2012 08:00,197
12-07-2012 07:00,228
05-03-2012 00:00,0
14-09-2012 20:00,392
05-01-2012 04:00,71
02-04-2012 17:00,370
11-04-2011 04:00,74
04-09-2012 10:00,323
13-08-2012 14:00,436
15-01-2012 15:00,184
16-10-2011 10:00,293
17-12-2012 13:00,300
02-01-2011 17:00,122
10-10-2012 01:00,50
13-09-2012 07:00,230
03-06-2012 16:00,513
07-12-2012 18:00,312
06-04-2012 19:00,374
12-11-2011 15:00,362
06-10-2011 04:00,76
09-10-2012 23:00,268
12-04-2012 17:00,389
15-04-2011 13:00,244
10-09-2011 03:00,0
17-04-2012 14:00,416
18-07-2012 07:00,245
08-03-2011 16:00,160
03-01-2012 07:00,122
02-10-2012 23:00,301
15-01-2011 07:00,62
10-02-2012 11:00,203
17-03-2011 10:00,169
11-01-2011 17:00,91
03-04-2011 08:00,140
08-09-2011 04:00,83
02-02-2012 17:00,282
11-10-2011 03:00,57
06-08-2011 20:00,192
05-02-2011 00:00,0
09-06-2012 10:00,389
18-07-2011 13:00,255
15-04-2011 21:00,70
14-05-2011 13:00,123
11-05-2011 20:00,216
13-11-2011 03:00,76
07-10-2012 14:00,337
14-04-2012 09:00,241
17-01-2012 19:00,251
01-08-2011 11:00,245
11-02-2011 12:00,144
02-08-2012 05:00,150
10-12-2011 02:00,40
05-01-2011 19:00,83
01-06-2011 10:00,221
18-04-2011 15:00,240
15-03-2011 22:00,51
12-06-2012 15:00,254
04-04-2011 00:00,0
08-02-2011 03:00,28
14-06-2012 15:00,443
14-07-2011 10:00,246
16-02-2011 09:00,127
12-07-2012 18:00,429
08-09-2012 00:00,0
09-11-2011 04:00,82
18-09-2011 20:00,192
03-10-2012 20:00,447
11-04-2011 10:00,184
17-03-2012 04:00,93
12-07-2012 03:00,109
10-12-2012 10:00,273
10-11-2011 19:00,166
08-09-2012 03:00,82
08-09-2011 03:00,4
15-06-2011 15:00,307
04-06-2011 13:00,391
06-05-2011 12:00,257
16-10-2011 09:00,266
18-06-2011 11:00,302
15-05-2011 13:00,260
05-01-2012 11:00,215
05-08-2011 03:00,56
05-12-2012 10:00,313
02-03-2012 20:00,189
09-11-2012 17:00,385
15-03-2011 02:00,12
07-06-2012 21:00,424
09-06-2012 22:00,381
01-04-2011 12:00,189
17-06-2012 02:00,110
18-03-2012 11:00,225
03-01-2011 07:00,73
03-06-2012 22:00,394
04-05-2011 11:00,192
03-06-2012 10:00,403
10-07-2011 05:00,87
12-04-2011 02:00,0
01-08-2012 00:00,0
03-04-2012 02:00,45
03-05-2011 08:00,160
17-05-2011 13:00,209
19-11-2011 01:00,0
14-02-2011 11:00,121
05-06-2011 16:00,355
01-11-2011 06:00,123
09-06-2011 02:00,4
04-01-2012 18:00,132
09-05-2011 05:00,100
06-11-2012 04:00,105
04-12-2012 07:00,223
12-01-2012 21:00,221
18-04-2012 14:00,237
12-12-2012 22:00,235
01-08-2012 14:00,431
08-06-2012 20:00,461
05-09-2011 05:00,174
12-03-2012 15:00,320
11-11-2011 03:00,63
16-02-2012 00:00,0
11-12-2012 00:00,0
06-05-2011 11:00,203
18-08-2012 09:00,300
13-09-2012 09:00,319
16-09-2012 05:00,134
03-01-2012 18:00,133
03-04-2011 10:00,219
19-10-2011 17:00,175
07-08-2011 11:00,261
09-12-2011 02:00,18
15-09-2011 02:00,45
15-09-2012 23:00,224
07-03-2011 15:00,143
16-11-2011 15:00,175
02-02-2012 11:00,198
09-10-2011 09:00,216
07-11-2012 05:00,138
16-12-2011 05:00,113
14-01-2011 23:00,0
19-02-2011 09:00,134
17-03-2012 05:00,117
